"","speakerName","speakerPrice","speakerRatings","speakerReview","Name","productname","productreviewer","datereviewed","reviews","rating"
"1","Logitech Z906 5.1 Surround Sound Speaker System, THX, Dolby & DTS Certified, 1000 Watts Peak Power, Multi -Device, Multiple Audio Inputs, UK Plug, PC/PS4/Xbox/Music Player/TV/Smartphone/Tablet","£33.32£33.32","4.7 out of 5 stars","3,014",NA,NA,NA,NA,NA,NA
"2","Bose Home Speaker 500 with Amazon Alexa and Google Assistant Built In - Black","£80.72£80.72","4.4 out of 5 stars","1,054",NA,NA,NA,NA,NA,NA
"3","Herdio 160W 4 Inch Ceiling Speaker Kit Amplifier Water Resistant Ceiling Speakers For Bathroom Kitchen Home Outdoor,compatible with Bluetooth","£107.99£107.99","4.3 out of 5 stars","773",NA,NA,NA,NA,NA,NA
"4","Denon SCN10 Speakers, Two-Way HiFi Speakers for TV Sound System, 2x 65W, Compatible with Receivers & Amplifiers, Elegant Design - Black SCN10BKEM","£190.39£190.39","4.3 out of 5 stars","396",NA,NA,NA,NA,NA,NA
"5","Sonos Amp SNS-AMPG1EU1BLK","£24.29£24.29","4.3 out of 5 stars","36",NA,NA,NA,NA,NA,NA
"6","Trust Gaming GXT 658 Tytan 5.1 Surround Sound Speaker System, PC Speakers with Subwoofer, UK Plug, LED Illuminated, 180 W - Black/Blue","£33.29£33.29","4.4 out of 5 stars","542",NA,NA,NA,NA,NA,NA
"7","LG Electronics SPK8 Kabellos Speaker System Black","£494.95£494.95","4.6 out of 5 stars","2,087",NA,NA,NA,NA,NA,NA
"8","Logitech Z407 Bluetooth Computer Speakers with Subwoofer and Wireless Control, Space-Filling Sound, Premium Audio with Multiple Inputs, USB Speakers - Black","£91.66£91.66","4.5 out of 5 stars","2,122",NA,NA,NA,NA,NA,NA
"9","Pioneer TS-G1030F 10cm 3-way Coaxial Speakers (210W)","£207.50£207.50","4.4 out of 5 stars","882",NA,NA,NA,NA,NA,NA
"10","Bose Virtually Invisible791 In-Ceiling Speaker II - Black","£215.83£215.83","4.7 out of 5 stars","176",NA,NA,NA,NA,NA,NA
"11","Edifier MR4 Powered Studio Monitor 2.0 Speakers 42 Watts (White)","£35.82£35.82","4.4 out of 5 stars","1,168",NA,NA,NA,NA,NA,NA
"12","Audioengine A2+ Wireless Bluetooth Computer Speakers - 60W Music System for Home, Studio, Gaming (White, Pair)","£188.10£188.10","4.3 out of 5 stars","2,282",NA,NA,NA,NA,NA,NA
"13","Herdio 160W 4 Inch Ceiling Bluetooth Speaker Kit Amplifier Water Resistant Ceiling Speakers For Bathroom Kitchen Home Outdoor (BLACK)","£28.55£28.55","4.3 out of 5 stars","773",NA,NA,NA,NA,NA,NA
"14","Logitech Z533 multimedia speaker system black","£274.99£274.99",NA,"4,850",NA,NA,NA,NA,NA,NA
"15","Panasonic SC-AKX520E-K 650W Wireless Megasound Hi-Fi Speaker System with Bluetooth and Karaoke,Black","£91.66£91.66",NA,"103",NA,NA,NA,NA,NA,NA
"16","Panasonic SC-AKX710E-K 2000W Wireless Megasound Hi-Fi Speaker System with Bluetooth and Karaoke, Black","£99.99£99.99",NA,"158",NA,NA,NA,NA,NA,NA
"17","Sangean PS-300 Pillow Speaker with In-line Volume Control and Amplifier (White)","£72.39£72.39",NA,"2,050",NA,NA,NA,NA,NA,NA
"18","Systemline E50 Built-In Bluetooth Hi-Fi Speaker System and Q Acoustics Qi65CB Ceiling Speakers (2 Pair 6.5"" Qi65CB Ceiling Speakers)","£91.66£91.66",NA,"57",NA,NA,NA,NA,NA,NA
"19","Herdio 4 Inches 160 Watts Bluetooth Ceiling Speakers For Bathroom, Kitchen,Living Room,Office (2 Pairs)","£99.99£99.99",NA,"253",NA,NA,NA,NA,NA,NA
"20","i-Star Ceiling Bluetooth Speakers Complete Kit - Easy To Install Ceiling Speakers Fit in Existing Downlight Cut-Out Easy To Pair Bluetooth White","£449.10£449.10",NA,"714",NA,NA,NA,NA,NA,NA
"21","Pioneer TS-G1010F 10cm Dual Cone Speakers (190W) , Black","£33.32£33.32","4.4 out of 5 stars","1,914",NA,NA,NA,NA,NA,NA
"22","JBL Club 6520 2-Way Car Speaker Set by Harman Kardon - 150 Watt Car Audio System 16.5 cm / 6-1/2 inch Car Speakers","£80.72£80.72","4.4 out of 5 stars","474",NA,NA,NA,NA,NA,NA
"23","Edifier S350DB Bookshelf Speaker and Subwoofer 2.1 Speaker System Bluetooth v4.1 aptX Wireless Sound For Computer Rooms, Living Rooms and Dens","£107.99£107.99","4.4 out of 5 stars","1,436",NA,NA,NA,NA,NA,NA
"24","JBL Quantum Duo gaming speakers, USB powered, pc speakers, powerful JBL sound with LED colour lights, in black","£190.39£190.39","4.4 out of 5 stars","655",NA,NA,NA,NA,NA,NA
"25","LuluDa 4 PCS Speaker 3 Watt 8 Ohm Mini Speaker 8ohm 3w Loundspeaker Micro Linksys HDMI Speaker For Small Electronic Projects Advertising Machines LCD TV Monitors Black","£24.29£24.29","4.4 out of 5 stars","235",NA,NA,NA,NA,NA,NA
"26","Klipsch R-40SA Dolby Atmos Surround Sound Speakers (Pair)","£33.29£33.29","4.4 out of 5 stars","61",NA,NA,NA,NA,NA,NA
"27","JBL Stage2 524 2-Way Car Speakers Set - 210 Watt JBL Car Audio 5-1/4 inch","£494.95£494.95","4.5 out of 5 stars","516",NA,NA,NA,NA,NA,NA
"28","e-audio 5.25 3-Way Background Music Speakers With Brackets 160W 4 Ohm","£91.66£91.66","4.5 out of 5 stars","5",NA,NA,NA,NA,NA,NA
"29","JBL Stage2 604C 2-Way Car Audio System - 270 Watt Component Car Speaker Box Set with 6.5"" inch (160mm) In-Dash Speakers and In-Dash Tweeter","£207.50£207.50","4.5 out of 5 stars","441",NA,NA,NA,NA,NA,NA
"30","Audioflow 4 Way Speaker Switch Selector Box Smart Wi-Fi","£215.83£215.83","4.3 out of 5 stars","77",NA,NA,NA,NA,NA,NA
"31","Cardo Speaker Audio Set 45 mm","£35.82£35.82","4.6 out of 5 stars","1,361",NA,NA,NA,NA,NA,NA
"32","Loops 100W Speaker System - Bluetooth In-Wall Mounted Amplifier - 4x 80W Moisture Resistant Stereo Bathroom Ceiling Speaker Kit - Wireless Music Streaming Amp","£188.10£188.10","4.3 out of 5 stars","4",NA,NA,NA,NA,NA,NA
"33","Sony SA-RS3S Twin Wireless Rear Speakers","£28.55£28.55","4.3 out of 5 stars","27",NA,NA,NA,NA,NA,NA
"34","Systemline E50 Built-In Bluetooth Amplifier Hi-Fi Speaker System (White) & 6.5"" Ceiling Speakers (2 Pair 6.5"" Qi65CB Ceiling Speakers)","£274.99£274.99","4.6 out of 5 stars","53",NA,NA,NA,NA,NA,NA
"35","Denon SCN10 Speakers, Two-Way HiFi Speakers for TV Sound System, 2x 65W, Compatible with Receivers & Amplifiers, Elegant Design - Grey","£91.66£91.66","4.7 out of 5 stars","396",NA,NA,NA,NA,NA,NA
"36","Dual Waterproof Outdoor Speaker System - 5.25'' Pair of Weatherproof Wall / Spring Loaded Speaker Terminal w/ Heavy Duty Grill, Universal Mount, For Pool, Patio, & Indoor Use- Pyle PDWR40B (Black)","£99.99£99.99",NA,"317",NA,NA,NA,NA,NA,NA
"37","Lithe Audio 6.5"" 2-way Passive Ceiling Speaker (01556) (single Passive), 60W RMS, Works with Any Amplifier, Perfect for Bedrooms, Bathrooms & Kitchens","£72.39£72.39",NA,"23",NA,NA,NA,NA,NA,NA
"38","Herdio 6.5 Inch Ceiling Speakers, 320W 2-Way in Ceiling Speakers Perfect for kitchen, bathroom, living room - A Pair","£91.66£91.66",NA,"79",NA,NA,NA,NA,NA,NA
"39","Bose Companion 50 USB","£99.99£99.99",NA,"691",NA,NA,NA,NA,NA,NA
"40","4 Way Loudspeaker Selector","£449.10£449.10",NA,"190",NA,NA,NA,NA,NA,NA
"41","Loops 120W 5.25” Indoor/Outdoor Active Bluetooth Wall Speakers – Pair of Black Stereo Wireless Music Streaming Speakers – IP56 External Weatherproof Garden Bar/Hot Tub Audio Home Entertainment System","£33.32£33.32","4.7 out of 5 stars","9",NA,NA,NA,NA,NA,NA
"42","Sonos Play:5 (Gen.2) black","£80.72£80.72","4.4 out of 5 stars","310",NA,NA,NA,NA,NA,NA
"43","Herdio 5.25 Inches 300 Watts Round Bluetooth Ceiling Speakers 2 Way Flush Mount Sound Bathroom Speaker For Bedroom Home Living Room","£107.99£107.99","4.4 out of 5 stars","791",NA,NA,NA,NA,NA,NA
"44","Herdio 4 Inches 160 Watts 2 Way Flush Mount Ceiling Speakers Perfect for Bathroom, Kitchen,Living Room,Office","£190.39£190.39","4.5 out of 5 stars","45",NA,NA,NA,NA,NA,NA
"45","E-Audio Bluetooth Ceiling Speaker Kit Bathroom Wireless Bluetooth Amplifier Water Resistant Ceiling Speakers (2 Way)","£24.29£24.29","4.3 out of 5 stars","217",NA,NA,NA,NA,NA,NA
"46","Pyle Outdoor Waterproof Wireless Bluetooth Speaker - 3.5 Inch Pair 3-Way Active Passive Weatherproof Wall, Ceiling Mount Dual Speakers System w/Heavy Duty Grill, Patio, Indoor Use PDWR42BBT (Black)","£33.29£33.29","4.3 out of 5 stars","1,426",NA,NA,NA,NA,NA,NA
"47","Hoody HOODY1 Fire and Acoustic Hood for 5-6-Inch Round Speakers","£494.95£494.95","4.4 out of 5 stars","15",NA,NA,NA,NA,NA,NA
"48","Bluetooth Ceiling Music Kit 4 Zone Stereo Amp & 8x Low Profile HiFi Speaker","£91.66£91.66","4.6 out of 5 stars","1",NA,NA,NA,NA,NA,NA
"49","Adastra Bluetooth Ceiling Speakers Set","£207.50£207.50","4.4 out of 5 stars","38",NA,NA,NA,NA,NA,NA
"50","Trevi XT 101 BT Soundtower Speaker Amplified Tower with FM Radio, Bluetooth, Mp3, USB, SD, Aux-In, White","£215.83£215.83","4.4 out of 5 stars","467",NA,NA,NA,NA,NA,NA
"51","Denon SCN10 Speakers, Two-Way HiFi Speakers for TV Sound System, 2x 65W, Compatible with Receivers & Amplifiers, Elegant Design - White, SCN10WTEM","£35.82£35.82","4.5 out of 5 stars","396",NA,NA,NA,NA,NA,NA
"52","Loops 70W 4"" 2 Way Stereo Speakers (2x PAIRS) - Two Pairs of Black Wall Mounted Satellite Speakers - Passive 8 Ohm Background Music HiFi Speakers - Bookshelf or Wall Mountable","£188.10£188.10","4.7 out of 5 stars","3",NA,NA,NA,NA,NA,NA
"53","Audio Pro Addon C5A Multiroom Smart Speaker with Built In Amazon Alexa - White","£28.55£28.55",NA,"54",NA,NA,NA,NA,NA,NA
"54","PYLE Dual Waterproof Outdoor Speaker System - 5.25'' Pair of Weatherproof Wall/Spring Loaded Speaker Terminal w/Heavy Duty Grill, Universal Mount, For Pool, Patio, & Indoor Use PDWR40B (Black)","£274.99£274.99",NA,"154",NA,NA,NA,NA,NA,NA
"55","Gikfun 2"" 4Ohm 5W Full Range Audio Speaker Stereo Woofer Loudspeaker for Arduino Replacement (Pack of 2pcs) EK1949","£91.66£91.66",NA,"160",NA,NA,NA,NA,NA,NA
"56","Harman Kardon Allure Home Voice Activated Speaker with Alexa, Black (Renewed)","£99.99£99.99",NA,"154",NA,NA,NA,NA,NA,NA
"57","Polk Audio Atrium 4 Outdoor Speakers (Pair, Black)","£72.39£72.39",NA,"2,664",NA,NA,NA,NA,NA,NA
"58","VIBE Audio Critical Link 6.5""Replacement Speaker - Single Pack","£91.66£91.66",NA,"25",NA,NA,NA,NA,NA,NA
"59","Adastra WA-215 | In-Wall Digital Bluetooth Ceiling Stereo Audio System | 30Watts, White","£99.99£99.99",NA,"33",NA,NA,NA,NA,NA,NA
"60","Monoprice 133833 Premium Immersive Satellite Speakers - Black (Pair) with 3Inch Woofer, 3/4Inch Aluminum Dome & 100 Watt Input Power","£449.10£449.10",NA,"212",NA,NA,NA,NA,NA,NA
"61","Audio Pro Addon C5A with Alexa built-in, Wireless, Bluetooth, Smart Speaker with Multi-room – Black","£33.32£33.32","4.6 out of 5 stars","157",NA,NA,NA,NA,NA,NA
"62","Pioneer TS-G170C 17 cm Separate 2-way Speaker System (300W)","£80.72£80.72","4.3 out of 5 stars","778",NA,NA,NA,NA,NA,NA
"63","Bose SoundTouch 10 Wireless Music System - White","£107.99£107.99","4.6 out of 5 stars","1,688",NA,NA,NA,NA,NA,NA
"64","Eagle 100 V Line Compact Flush Fit Ceiling Speaker Gold 6W","£190.39£190.39","4.7 out of 5 stars","157",NA,NA,NA,NA,NA,NA
"65","Audio Pro Addon C5A with Alexa built-in, Wireless, Bluetooth, Smart Speaker with Multi-room – Grey","£24.29£24.29","4.6 out of 5 stars","92",NA,NA,NA,NA,NA,NA
"66","Bluesound Vault 2i - Hi-Res Streamer, Ripper, 2TB NAS Drive - Black","£33.29£33.29","4.6 out of 5 stars","419",NA,NA,NA,NA,NA,NA
"67","Gikfun 1.5"" 4Ohm 3W Full Range Audio Speaker Stereo Woofer Loudspeaker for Arduino (Pack of 2pcs) EK1794","£494.95£494.95",NA,"32",NA,NA,NA,NA,NA,NA
"68","EDGE Audio 5.25” Co-axial speaker - 50/100 W (RMS/MAX), Black, EDST215-E6","£91.66£91.66",NA,"7",NA,NA,NA,NA,NA,NA
"69","2x 6.5"" 200W Moisture Resistant Stereo Loud Speakers 8Ohm Black Wall Mounted","£207.50£207.50",NA,"104",NA,NA,NA,NA,NA,NA
"70","Edifier MS50A Wi-Fi Smart Speaker Without Microphone, Works with Alexa, Supports AirPlay 2, Spotify Connect, 40W RMS One-Piece Wi-Fi and Bluetooth Sound System","£215.83£215.83",NA,"770",NA,NA,NA,NA,NA,NA
"71","Loops UK Wireless/Bluetooth Amplifier & 2x 80W Ceiling Speaker Kit–Compact Home Hi-Fi Amp","£35.82£35.82",NA,"28",NA,NA,NA,NA,NA,NA
"72","Polk Audio Atrium 8 Speaker - Black","£188.10£188.10",NA,"4",NA,NA,NA,NA,NA,NA
"73","Adastra | Weatherproof Outdoor Speaker | 70W | Black 4""","£28.55£28.55",NA,"11",NA,NA,NA,NA,NA,NA
"74","MILISTEN 8pcs Speaker Port Tube Subwoofer Bass Reflex Tube Bass Woofer Box Port Tube Vent 40mm","£274.99£274.99",NA,"80",NA,NA,NA,NA,NA,NA
"75","Bar Restaurant Bluetooth Wall Speaker System Background Music Wireless Amp Kit","£91.66£91.66",NA,"4",NA,NA,NA,NA,NA,NA
"76","AZDelivery 6x DFplayer Mini 3 watt 8 ohm portable small speakers with JST-PH2.0 mm pin interface for electronic DIY projects including eBook","£99.99£99.99",NA,"1",NA,NA,NA,NA,NA,NA
"77","Q.Acoustics QI1150 - Qi65C-ST Single Stereo Ceiling Speaker","£72.39£72.39",NA,"29",NA,NA,NA,NA,NA,NA
"78","4x Black Outdoor Speaker Bluetooth System Kit | SMART HOME ECHO DOT ALEXA SPOTIFY & AV Link | 4 Way Speaker Selector | 140W Max Per Channel, Black","£91.66£91.66",NA,"3",NA,NA,NA,NA,NA,NA
"79","VIBE Audio DB4-V4 Critical Link 4""Replacement Speaker, Black","£99.99£99.99",NA,"190",NA,NA,NA,NA,NA,NA
"80","Loops 100W Speaker System - Bluetooth In-Wall Mounted Amplifier - 2x 80W Moisture Resistant Stereo Bathroom Ceiling Speaker Kit - Wireless Music Streaming Amp","£449.10£449.10",NA,"138",NA,NA,NA,NA,NA,NA
"81","Adastra | Weatherproof Outdoor Speaker | 120W | Black 6.5""","£33.32£33.32","4.5 out of 5 stars","28",NA,NA,NA,NA,NA,NA
"82","Edifier compatible Multimedia C2XD 2.1 System - schwarz","£80.72£80.72","4.4 out of 5 stars","8",NA,NA,NA,NA,NA,NA
"83","Adastra | Quick Fit Recessed Ceiling Speaker Suitable for both 100V or 8ohm Install | 6.25""","£107.99£107.99","4.4 out of 5 stars","7",NA,NA,NA,NA,NA,NA
"84","Adastra | Bluetooth Active Ceiling Speaker Kit | 5.25"" 40W","£190.39£190.39","4.7 out of 5 stars","7",NA,NA,NA,NA,NA,NA
"85","LG XBOOM 360 RP4 Omnidirectional 360˚Sound Portable Wireless Bluetooth Speaker with Mood Lighting, Up to 10 Hours Battery, Indoor/Outdoor - Peacock Green","£24.29£24.29","4.6 out of 5 stars","17",NA,NA,NA,NA,NA,NA
"86","8"" Ceiling Speaker With Directional High Frequency Tweeter","£33.29£33.29","4.3 out of 5 stars","6",NA,NA,NA,NA,NA,NA
"87","Edifier D12 BT 1.0 wt | D12-WT","£494.95£494.95","4.4 out of 5 stars","45",NA,NA,NA,NA,NA,NA
"88","Denon SC-M41-CW Shelf Speakers (1 Pair) (CHERRY)","£91.66£91.66","4.3 out of 5 stars","296",NA,NA,NA,NA,NA,NA
"89","Adastra BC3W 3 Inch Wall Mountable Speakers Two-Way Home Audio Installation HiFi Stereo 60W White","£207.50£207.50","4.7 out of 5 stars","30",NA,NA,NA,NA,NA,NA
"90","Samsung WAM 250 Smart HUB Home Audio System","£215.83£215.83","4.5 out of 5 stars","21",NA,NA,NA,NA,NA,NA
"91","LG SH5 - 2.1 Channel 320 W Wireless Subwoofer, Metallic Design","£35.82£35.82","4.7 out of 5 stars","339",NA,NA,NA,NA,NA,NA
"92","VIBE SLICK PRO BOX Raggarplanka speaker system","£188.10£188.10",NA,"1",NA,NA,NA,NA,NA,NA
"93","Hsthe Sea 4 PCS Round Micro Speaker Diameter 1.5"" 4ohm 3W Audio Speaker Stereo Woofer Loudspeaker for Arduino","£28.55£28.55",NA,"5",NA,NA,NA,NA,NA,NA
"94","DALI Phantom E-50 Built-in Speaker Pair White","£274.99£274.99",NA,"27",NA,NA,NA,NA,NA,NA
"95","e-audio 3 3-Way Background Music Speakers With Brackets 80W 4 Ohm","£91.66£91.66",NA,"204",NA,NA,NA,NA,NA,NA
"96","Majority Right Satellite Speaker Everest","£99.99£99.99",NA,"4",NA,NA,NA,NA,NA,NA
"97","qtx Slip Cover for QS12/QS12A Speaker","£72.39£72.39",NA,"34",NA,NA,NA,NA,NA,NA
"98","6x (3 Pairs) - 60W 2 Way White Wall Mounted Stereo Speakers & Brackets - 3” 8Ohm - Mini Compact Background Music Loudspeakers For HiFi Surround Sound & Streaming","£91.66£91.66",NA,"557",NA,NA,NA,NA,NA,NA
"99","Polk Audio Atrium 5 Speakers - Black","£99.99£99.99",NA,"3",NA,NA,NA,NA,NA,NA
"100","EMSea 10PCS 2W 8 Ohm Internal Magnet Speaker 28mm Round Mini Loudspeaker for Electronic DIY Toys Radio Intercom Multimedia Speakers Mini Box Speakers","£449.10£449.10",NA,"4",NA,NA,NA,NA,NA,NA
"101",NA,"£9.16£9.16","4.3 out of 5 stars","2,666","Rii RK907 USB Wired Keyboard Full Size Office Keyboard Compatible with Mac PC Tablet Windows Android Microsoft UK Layout",NA,NA,NA,NA,NA
"102",NA,"£8.99£8.99","4.5 out of 5 stars","7,810","Kensington- wired keyboard for PC, Laptop, Desktop, Computer, notebook. USB Keyboard compatible with Dell, Acer, HP, Samsung and more, with UK layout - Black (1500109)",NA,NA,NA,NA,NA
"103",NA,"£9.89£9.89","4.7 out of 5 stars","1,249","Apple Magic Keyboard with Numeric Keypad: Bluetooth, rechargeable. Works with Mac, iPad or iPhone; British English, silver",NA,NA,NA,NA,NA
"104",NA,"£9.99£9.99","4.3 out of 5 stars","3,445","Rii Gaming Keyboard, RK100 Light Up Keyboard Mechanical Feeling Keyboard with 3 Single LED Backlit Color (Red/Purple/Blue)-UK Layout",NA,NA,NA,NA,NA
"105",NA,"£14.99£14.99","4.4 out of 5 stars","25,136","Kensington Wired Keyboard - AdvanceFit Slim Full Size USB Keyboard, Ideal Home Office, Quiet Type Keyboard, Compatible with Windows - Black (K72357UK)",NA,NA,NA,NA,NA
"106",NA,"£17.99£17.99","4.3 out of 5 stars","2,107","Logitech MK270 Wireless Keyboard and Mouse Combo for Windows, 2.4 GHz Wireless, Compact Mouse, 8 Multimedia and Shortcut Keys, 2-Year Battery Life, for PC, Laptop, QWERTY UK English Layout - Black",NA,NA,NA,NA,NA
"107",NA,"£31.49£31.49","4.5 out of 5 stars","7,810","Trust Taro Wired Keyboard, Qwerty UK Layout, Quiet Keys, Full-Size Keyboard, Spill-Resistant, 1.8 m Cable, USB Plug and Play, Keyboard for PC, Laptop, Mac - Black",NA,NA,NA,NA,NA
"108",NA,"£13.27£13.27","4.6 out of 5 stars","6,286","Logitech K120 Wired Business Keyboard for Windows or Linux, USB Plug-and-Play, Full-Size, Spill Resistant, Curved Space Bar, PC/Laptop, QWERTY UK Layout - Black",NA,NA,NA,NA,NA
"109",NA,"£31.49£31.49","4.4 out of 5 stars","4,422","CHERRY G80-3000N RGB TKL - Wired Gaming Keyboard without Numeric Keypad - RGB Lighting and Mechanical MX SILENT RED Switches - French Layout (AZERTY), Black",NA,NA,NA,NA,NA
"110",NA,"£39.28£39.28","4.4 out of 5 stars","471","Rii Gaming Keyboard, RK100 Plus Rainbow LED Backlit Keyboard Mechanical Feeling,USB Wired Keyboard for Working Gaming (UK Layout)",NA,NA,NA,NA,NA
"111",NA,"£13.05£13.05","4.5 out of 5 stars","7,810","Apple Magic Keyboard with Touch ID and Numeric Keypad: Bluetooth, rechargeable. Works with Mac computers silicon; British English, Black keys",NA,NA,NA,NA,NA
"112",NA,"£14.99£14.99","4.6 out of 5 stars","1,947","NEWMEN GM610 Wireless Mechanical Keyboard,60% USB C Wired/Bluetooth/2.4Ghz RGB Backlit Compact Hot Swappable Keyboard,White Anti-Ghosting PC Mac Windows Android Gaming Keyboard(Red Switches)",NA,NA,NA,NA,NA
"113",NA,"£79.41£79.41","4.3 out of 5 stars","1,075","Arteck 2.4G Wireless Keyboard Stainless Steel Ultra Slim Full Size Keyboard with Numeric Keypad for Computer/Desktop/PC/Laptop/Surface/Smart TV and Windows 10/8/ 7 Built in Rechargeable Battery",NA,NA,NA,NA,NA
"114",NA,"£35.22£35.22","4.5 out of 5 stars","26,404","Dell 091A682 KB216 USB QWERTY English( UK Layout ) Black Keyboard - Keyboards (Standard, Wired, USB, QWERTY, Black)",NA,NA,NA,NA,NA
"115",NA,"£33.32£33.32","4.6 out of 5 stars","1,117","Logitech Wave Keys Wireless Ergonomic Keyboard with Cushioned Palm Rest - Graphite, QWERTY Pan Nordic Layout",NA,NA,NA,NA,NA
"116",NA,"£52.49£52.49","4.5 out of 5 stars","27","Kensington Pro Fit Washable Wired Keyboard, Full-Size with Numeric Keypad, Waterproof Design with USB Connection, Compatible with Windows & Apple, Durable Laser-Etched Keys for Extended Use - K64407UK",NA,NA,NA,NA,NA
"117",NA,"£24.07£24.07","4.5 out of 5 stars","2,294","Logitech K120 Wired Keyboard for Windows, USB Plug-and-Play, Full-Size, Spill-Resistant, Curved Space Bar, Compatible with PC, Laptop, QWERTY UK English Layout - Black",NA,NA,NA,NA,NA
"118",NA,"£30.82£30.82","4.5 out of 5 stars","1,681","HP 230 Wireless Keyboard and Mouse Combo Set, 2.4 GHz Wireless USB-A Nano Receiver, Up to 1600 dpi, Up to 16 Months Battery Life - Black",NA,NA,NA,NA,NA
"119",NA,"£19.40£19.40","4.3 out of 5 stars","893","cimetech Wireless Keyboard, 2.4G Ergonomic Keyboard with Number Pad, Silent USB Computer Keyboard for PC, Laptop, Desktop and Windows 10/8/7/XP - Gray",NA,NA,NA,NA,NA
"120",NA,"£21.49£21.49","4.8 out of 5 stars","8","ATTACK SHARK AK832 Low Profile Mechanical Keyboard, Ultra-Thin Tri-Mode Wireless 75% Gasket Gaming Keyboard BT5.2/2.4G/Wired, 20 Backlit TKL Compact 83 Key Blue Switch, Coiled USB C Cable for Mac/Win",NA,NA,NA,NA,NA
"121",NA,"£15.82£15.82","4.6 out of 5 stars.","5,034","Dell KM7321W Premier Multi-Device Wireless Keyboard and Mouse, UK (QWERTY), 2.4GHz, Bluetooth 5.0, 128-bit AES Encryption, 4000 dpi, Compatible with Windows, Mac, Linux, Chrome and Android, (Grey)",NA,NA,NA,NA,NA
"122",NA,"£24.07£24.07","4.4 out of 5 stars.","26,404","Razer Cynosa V2 - Membrane Gaming Keyboard (Keyboard with Soft Spring-Loaded Keys, Media Keys, Cable Management, Fully Programmable, RGB Chroma Lighting) UK Layout | Black",NA,NA,NA,NA,NA
"123",NA,"£30.82£30.82","4.3 out of 5 stars.","4,422","Lumsburry Rainbow LED Backlit 88 Keys Gaming Keyboard(UK Layout), Compact Keyboard with 12 Multimedia Shortcut KeysUSB Wired Keyboard for PC Gamers Office",NA,NA,NA,NA,NA
"124",NA,"£14.99£14.99","4.6 out of 5 stars","1,992","CORSAIR K55 RGB PRO Membrane Wired Gaming Keyboard – IP42 Dust and Spill-Resistant – 6 Macro Keys with Elgato Integration – iCUE Compatible – QWERTY UK – PC, Mac, Xbox – Black",NA,NA,NA,NA,NA
"125",NA,"£24.99£24.99","4.5 out of 5 stars","3,190","CHERRY KC 200 MX, mechanical office keyboard, British layout (QWERTY), elegant design with anodized metal plate, wired, MX2A SILENT RED switches, Black/Bronze",NA,NA,NA,NA,NA
"126",NA,"£41.62£41.62","4.4 out of 5 stars","2,820","Microsoft Wired Keyboard 600, UK Layout - White",NA,NA,NA,NA,NA
"127",NA,"£49.99£49.99","4.6 out of 5 stars","147","cimetech 2.4G Wireless Keyboard, QWERTY UK Full-Size Layout, USB Computer Keyboard with Numeric Keypad & Ergonomic Keys for Desktop/PC/Laptop/Surface/Smart TV/Notebook and Windows - Black",NA,NA,NA,NA,NA
"128",NA,"£12.49£12.49","4.4 out of 5 stars","513","Microsoft Wireless Comfort Desktop 5050 UK QWERTY Keyboard, Black",NA,NA,NA,NA,NA
"129",NA,"£15.82£15.82","4.4 out of 5 stars","886","Razer Cynosa Lite - Essential Gaming Keyboard (Fully Programmable, RGB Chroma Lighting, Gaming Grade Keys, 10 Key Roll-Over, Spill Resistant) UK Layout | Black",NA,NA,NA,NA,NA
"130",NA,"£72.78£72.78","4.5 out of 5 stars","3,190","CORSAIR K70 CORE RGB Mechanical Wired Gaming Keyboard with Palmrest – Pre-lubricated Corsair MLX Red Linear Switches – Sound Dampening – iCUE Compatible – QWERTY UK – PC, Mac, PS5, PS4, Xbox – Black",NA,NA,NA,NA,NA
"131",NA,"£53.99£53.99","4.5 out of 5 stars","720","Logitech MK295 Silent Wireless Mouse & Keyboard Combo with SilentTouch Technology, Full Numpad, Advanced Optical Tracking, Lag-Free Wireless, 90% Less Noise, QWERTY UK English Layout - Black",NA,NA,NA,NA,NA
"132",NA,"£11.66£11.66","4.0 out of 5 stars","18","MageGee 75% Mechanical Gaming Keyboard with Red Switch, LED Blue Backlit Keyboard, 87 Keys Compact TKL Wired Computer Keyboard for Windows Laptop PC Gamer - Grey/White",NA,NA,NA,NA,NA
"133",NA,"£14.16£14.16","4.4 out of 5 stars","12,425","60% Gaming Keyboard, 87 Keys Mechanical Feeling Multi Color RGB Illuminated LED Backlit Wired Light Up Keyboard, Anti ghosting Mini Compact Waterproof TKL PBT Keycaps for PC/Laptop/Computer, Black",NA,NA,NA,NA,NA
"134",NA,"£24.37£24.37","4.3 out of 5 stars","2,361","HP Keyboard 100 - Wired USB with Height Adjust & Number Pad. Compatible with Windows PC, Notebook, Laptop, Mac",NA,NA,NA,NA,NA
"135",NA,"£37.49£37.49","4.0 out of 5 stars","10","NEWMEN GM326 Wired Gaming Keyboard,75% Percent TKL Hot Swappable Compact LED Backlit USB C Mechanical Gaming Keyboard with Knob for PC Windows Mac,QWERTY Layout,White,Red Switches",NA,NA,NA,NA,NA
"136",NA,"£98.99£98.99","4.5 out of 5 stars","2,963","Orzly Gaming Keyboard RGB USB Wired Rainbow Keyboard Designed for PC Gamers, PS4, PS5, Laptop, Xbox, Nintendo Switch, RX250-K Hornet Edition (Black)",NA,NA,NA,NA,NA
"137",NA,"£39.99£39.99","4.5 out of 5 stars","6,693","Arteck 2.4G Wireless Keyboard Ultra Slim Full Size Keyboard with Numeric Keypad and Media Hotkey for Computer/Desktop/PC/Laptop/Surface/Smart TV and Windows 10/8/ 7",NA,NA,NA,NA,NA
"138",NA,"£49.99£49.99","4.3 out of 5 stars","2,109","CiT KB-738 Premium Mini USB Keyboard - Black",NA,NA,NA,NA,NA
"139",NA,"£69.16£69.16","4.3 out of 5 stars","267","Apple Magic Keyboard: Bluetooth, rechargeable. Works with Mac, iPad or iPhone; British English, silver",NA,NA,NA,NA,NA
"140",NA,"£33.32£33.32","4.6 out of 5 stars","1,539","iClever Wireless Bluetooth Keyboard, Keyboard Rechargeable Bluetooth 5.1 Stable Connection to Multi Devices Silent Slim Keyboard for Mac, iPad, iPhone, iOS, Android, Windows, QWERTY UK Layout",NA,NA,NA,NA,NA
"141",NA,"£24.16£24.16","4.2 out of 5 stars","3,602","Wireless Keyboard Mouse Combo, cimetech 2.4G Ultra-Thin Keyboard and Mouse Set with Sleek Ergonomic Silent Design & Stable Connection for Windows PC Laptop Computer (QWERTY UK Layout, Black)",NA,NA,NA,NA,NA
"142",NA,"£24.99£24.99","4.7 out of 5 stars","1,250","Apple Magic Keyboard with Touch ID: Bluetooth, rechargeable. Works with Mac computers silicon; British English, white keys",NA,NA,NA,NA,NA
"143",NA,"£8.32£8.32","4.3 out of 5 stars","8,184","Logitech G G213 Prodigy Gaming Keyboard, LIGHTSYNC RGB Backlit Keys, Spill-Resistant, Customizable Keys, Dedicated Multi-Media Keys, QWERTY UK Layout - Black",NA,NA,NA,NA,NA
"144",NA,"£21.66£21.66","4.3 out of 5 stars","55","TQQ Wireless Keyboard, iPad Keyboard, Rechargeable Bluetooth Keyboard for iPad 10th/iPad Pro/iPad Air/iPad Mini, Tablet and Other Bluetooth Enabled Devices for iOS, Android, Windows Etc",NA,NA,NA,NA,NA
"145",NA,"£30.41£30.41","4.5 out of 5 stars","8,610","Logitech K400 Plus Wireless Touch TV Keyboard With Easy Media Control and Built-in Touchpad, HTPC Keyboard for PC-connected TV, Windows, Android, Chrome OS, Laptop, QWERTY UK English Layout - Black",NA,NA,NA,NA,NA
"146",NA,"£37.49£37.49","4.3 out of 5 stars","627","Arteck Solar Wireless Keyboard Full Size Solar Recharging Keyboard for Computer/Desktop/PC/Laptop/Surface/Smart TV and Windows 10/8 / 7 / Vista/XP Built in Rechargeable Battery",NA,NA,NA,NA,NA
"147",NA,"£74.69£74.69","4.3 out of 5 stars","95","Logitech Pebble Keys 2 K380s, Multi-Device Bluetooth Wireless Keyboard with Customisable Shortcuts,Slim and Portable,Easy-Switch for Windows/macOS/iPadOS/Android/Chrome OS, QWERTY UK Layout, Graphite",NA,NA,NA,NA,NA
"148",NA,"£89.99£89.99","4.5 out of 5 stars","3,001","Razer BlackWidow V3 Tenkeyless (Green Switch) - Compact Mechanical Gaming Keyboard (Clicky Mechanical Switches, Compact Form Factor, Fully Programmable Keys) UK Layout | Black",NA,NA,NA,NA,NA
"149",NA,"£22.49£22.49","4.3 out of 5 stars","328","B.FRIENDIT Slim USB Wired Keyboard, Soft Touch and Quiet Key for PC, Laptop and Computer, Full Size QWERTY UK Layout - Silver White",NA,NA,NA,NA,NA
"150",NA,"£27.49£27.49","4.3 out of 5 stars","3,889","iClever Wireless Keyboard, Bluetooth Keyboard Stable Connection to Multi Devices Rechargeable Slim Keyboard for Mac, iPad, Android, Windows, QWERTY UK Layout -Black",NA,NA,NA,NA,NA
"151",NA,"£36.89£36.89","4.5 out of 5 stars","141","ASUS TUF Gaming K1 RGB keyboard with dedicated volume knob, spill-resistance, side light bar and Armoury Crate",NA,NA,NA,NA,NA
"152",NA,"£44.99£44.99","4.3 out of 5 stars","118","Logitech Signature K650 Wireless Keyboard with Wrist Rest, Full-Size, BLE Bluetooth or Logi Bolt USB, Comfort Deep-Cushioned Keys, Numpad, Compatible with most OS/PC/Windows/Mac, QWERTY UK - Grey",NA,NA,NA,NA,NA
"153",NA,"£11.69£11.69","4.0 out of 5 stars","22","Rapoo NK2000 Wired Spill-resistant Keyboard - Black (QWERTY)",NA,NA,NA,NA,NA
"154",NA,"£13.45£13.45","4.0 out of 5 stars","302","Trust Ody Silent Wireless Keyboard QWERTY UK Layout, Membrane Low Profile Keys, Spill-Resistant, USB Receiver RF 2.4GHz, Batteries Included, Quiet Computer Keyboard for PC, Laptop, Mac - Black",NA,NA,NA,NA,NA
"155",NA,"£16.19£16.19","4.0 out of 5 stars","9,537","Snpurdiri 60% Wired Gaming Keyboard, RGB Backlit,Ultra-Compact Mini Keyboard with Detachable Cable,Black and White Color",NA,NA,NA,NA,NA
"156",NA,"£26.99£26.99","4.4 out of 5 stars","1,258","Wireless Keyboard & Mouse Sets - Slim Thin Wireless Keyboards and Mouse Combo Full Size Keyboard with Numeric Keypad Adjustable DPI Wireless Mouse - Black",NA,NA,NA,NA,NA
"157",NA,"£31.99£31.99","5.0 out of 5 stars","1","ASHU Backlit Multi-Device Bluetooth Keyboard for Tablet Phone Computer - Wireless Illuminated Rechargeable Keyboard with Number Pad Connect Up to 4 Devices Compatible Mac Android iOS Windows",NA,NA,NA,NA,NA
"158",NA,"£23.32£23.32","4.6 out of 5 stars","6,458","Razer Huntsman Mini 60% Gaming Keyboard: Fast Keyboard Switches - Linear Optical Switches - Chroma RGB Lighting - PBT Keycaps - Onboard Memory - Mercury White",NA,NA,NA,NA,NA
"159",NA,"£33.32£33.32","4.6 out of 5 stars","5,472","Razer Huntsman V2 (Analog Switch) - Optical Gaming Keyboard with Near-Zero Input Latency (Analog Optical-Mechanical Switches, Doubleshot PBT Keycaps, Detachable USB-C Cable) UK Layout | Black",NA,NA,NA,NA,NA
"160",NA,"£76.26£76.26","4.6 out of 5 stars","6","Corsair K55 CORE RGB Membrane Wired Gaming Keyboard – Quiet, Responsive Switches – Spill Resistance – Ten-Zone RGB – Media Keys – iCUE Compatible – QWERTY UK – PC, Mac – Black",NA,NA,NA,NA,NA
"161",NA,"£16.66£16.66","4.5 out of 5 stars","1,077","MageGee 60 Percent Gaming Mechanical Keyboard, Minimalist MK-Box Blue Backlit Compact 68 Keys Wired Office Keyboard with Red Switch for Windows Laptop PC Mac Convenient(Gray & Black)",NA,NA,NA,NA,NA
"162",NA,"£19.16£19.16","4.2 out of 5 stars","4,805","Logitech MX Keys Mini Minimalist Wireless Illuminated Keyboard, Compact, Bluetooth, Backlit, USB-C, Compatible with Apple macOS, iOS, Windows, Linux, Android, Metal Build - Graphite",NA,NA,NA,NA,NA
"163",NA,"£30.43£30.43","4.7 out of 5 stars","886","2.4G Wireless Keyboard, QWERTY UK Layout Mini Keyboard, USB Computer Keyboard with Compact Design & Ergonomic Keys for Desktop/PC/Laptop/Surface/Smart TV/Notebook and Windows",NA,NA,NA,NA,NA
"164",NA,"£41.66£41.66","4.7 out of 5 stars","67","CORSAIR K70 PRO RGB Optical-Mechanical Wired Gaming Keyboard – OPX Linear Switches – PBT Double-Shot Keycaps – iCUE Compatible – QWERTY UK – PC, Xbox – White",NA,NA,NA,NA,NA
"165",NA,"£89.99£89.99","4.7 out of 5 stars","2,708","Razer Huntsman Mini 60% Gaming Keyboard: Fast Keyboard Switches - Clicky Optical Switches - Chroma RGB Lighting - PBT Keycaps - Onboard Memory - Mercury White",NA,NA,NA,NA,NA
"166",NA,"£161.99£161.99","4.0 out of 5 stars","797","Arteck Universal Bluetooth Keyboard Multi-Device Stainless Steel Full Size Wireless Keyboard for Windows, iOS, Android, Computer Desktop Laptop Surface Tablet Smartphone Built in Rechargeable Battery",NA,NA,NA,NA,NA
"167",NA,"£104.35£104.35","4.3 out of 5 stars","1,241","Trust Taro USB Wired Keyboard French AZERTY Layout, Silent Keys, Spill Resistant, 180 cm Cable, for PC, Desktop, Macbook, Laptop, Work, Business - Black",NA,NA,NA,NA,NA
"168",NA,"£9.99£9.99","4.4 out of 5 stars","65","HP Wired Desktop 320K keyboard",NA,NA,NA,NA,NA
"169",NA,"£12.49£12.49","4.5 out of 5 stars","1,675","Arteck USB Wired Keyboard Universal Backlit 7-Colors & Adjustable Brightness Full Size Keyboard with 1.8M Wire, Numeric Keypad and Media Hotkey for Computer Desktop PC Laptop and Windows 11 10 8 7",NA,NA,NA,NA,NA
"170",NA,"£28.32£28.32","4.5 out of 5 stars","1","Power PC Keyboard Black",NA,NA,NA,NA,NA
"171",NA,"£9.89£9.89","4.6 out of 5 stars","2,972","Redragon K512 Shiva RGB Backlit Membrane Gaming Keyboard US-Layout with Multimedia Keys, Linear Mechanical-Feel Switch, 6 Extra On-Board Macro Keys, Dedicated Media Control, Detachable Wrist Rest",NA,NA,NA,NA,NA
"172",NA,"£24.16£24.16","4.7 out of 5 stars","4,263","SteelSeries Apex 7 TKL - Mechanical Gaming Keyboard - OLED Display - Red Switches - American (QWERTY) Layout",NA,NA,NA,NA,NA
"173",NA,"£34.16£34.16","4.4 out of 5 stars","187","HP 230 Wireless Mouse and Keyboard Combo, quiet and comfortable keystrokes, Number Pad, QWERTY UK Layout, 1600 DPI Optical Mouse Sensor, 2.4GHz Wireless USB dongle included, White",NA,NA,NA,NA,NA
"174",NA,"£26.66£26.66","4.4 out of 5 stars","1,561","Arteck 2.4G Wireless Keyboard and Mouse Combo Stainless Steel Ultra Slim Full Size Keyboard Keyboard and Ergonomic Mice for Computer Desktop PC Laptop and Windows 10/8/7 Build in Rechargeable Battery",NA,NA,NA,NA,NA
"175",NA,"£134.99£134.99","4.6 out of 5 stars","487","Arteck Universal Bluetooth Keyboard Stainless Steel Full Size UK Layout Wireless Keyboard for Windows, iOS, Android, Computer Desktop PC Laptop Surface Tablet Smartphone Built in Rechargeable Battery",NA,NA,NA,NA,NA
"176",NA,"£33.32£33.32","4.5 out of 5 stars","429","Dell KB-522 Wired Business Multimedia USB Keyboard Black 580-17669 *Same as 580-17669*",NA,NA,NA,NA,NA
"177",NA,"£30.95£30.95","4.1 out of 5 stars","51","HP Classic Black Wired USB Keyboard",NA,NA,NA,NA,NA
"178",NA,"£33.32£33.32","3.0 out of 5 stars","1,018","Wireless Keyboard and Mouse Set, Full Size Wireless Keyboard Ergonomic Design & Quiet USB Cordless Mouse Combo UK Layout, 12 Multimedia Shortcuts for Windows Computer PC Laptop Desktop,Black",NA,NA,NA,NA,NA
"179",NA,"£8.99£8.99","4.3 out of 5 stars","4,263","SteelSeries Apex 7 - Mechanical Gaming Keyboard - OLED Display - Brown Switches - English (QWERTY) Layout",NA,NA,NA,NA,NA
"180",NA,"£15.82£15.82","4.3 out of 5 stars","4,567","Logitech MK850 Multi-Device Wireless Keyboard and Mouse Combo, 2.4GHz Wireless and Bluetooth, Curved Keyframe & Wireless Mouse, 12 Programmable Keys, 3-Year Battery Life, PC/Mac, QWERTY UK Layout",NA,NA,NA,NA,NA
"181",NA,"£17.49£17.49","4.5 out of 5 stars","116","B.FRIENDIT Slim USB Wired Keyboard – UK Layout Soft Touch and Quiet Key, Compatible with Apple iMac, Macbook, Mac and PC, Computer Keyboard with Numeric Keypad – Space Gray",NA,NA,NA,NA,NA
"182",NA,"£30.82£30.82","4.3 out of 5 stars","529","Arteck Split Ergonomic Keyboard with Cushioned Wrist and Palm Rest, 2.4G USB Wireless Comfortable Natural Ergonomic Split Keyboard, for Windows Computer Desktop Laptop",NA,NA,NA,NA,NA
"183",NA,"£26.66£26.66","4.6 out of 5 stars","249","Perixx PERIBOARD-416 Wired Mini USB Keyboard with 4 Hubs - Scissor Keys - Big Print Keys - Detachable USB-A Cable - UK English",NA,NA,NA,NA,NA
"184",NA,"£23.32£23.32","4.4 out of 5 stars","74","Perixx PERIBOARD-215B UK, Wired USB-C Keyboard - Ultra Slim Scissor Keys - Build-in 2x2 USB-C & A Hubs - 2x Detachable USB-C & A Cable - Black - UK Layout",NA,NA,NA,NA,NA
"185",NA,"£43.32£43.32","4.2 out of 5 stars","32","Trust Ody Wired Keyboard, Full-Size Keyboard, QWERTY UK Layout, Silent Keys, Spill-Resistant, 1.8 m Cable, USB Plug and Play, Keyboard for PC, Laptop, Mac - Black",NA,NA,NA,NA,NA
"186",NA,"£23.32£23.32","4.0 out of 5 stars","367","Trust Gaming GXT 1863 Thaz Mechanical Keyboard with UK Layout - Mechanical Outemu RED Switches, Anti-Ghosting N-key Rollover, 14 Colour Modes, USB Plug and Play, PC/Mac/Laptop [Amazon Exclusive]",NA,NA,NA,NA,NA
"187",NA,"£20.69£20.69","4.1 out of 5 stars","333","Dell Multi-Device Wireless Keyboard and Mouse Combo KM7120W - Tastatur-und-Maus-Set - UK QWERTY - T",NA,NA,NA,NA,NA
"188",NA,"£12.50£12.50","4.4 out of 5 stars","8,055","Arteck 2.4G Wireless Keyboard Stainless Steel Ultra Slim Full Size Keyboard for Computer/Desktop/PC/Laptop/Surface/Smart TV and Windows 10/8 / 7 Built in Rechargeable 6-Month Battery",NA,NA,NA,NA,NA
"189",NA,"£13.49£13.49","4.2 out of 5 stars","3,064","TECKNET Wireless Keyboard and Mouse Set, Ergonomic 2.4G Cordless Keyboard & Mouse Combo Silent, Full-Size Keyboard, Spill-Resistant with Nano USB Receiver for PC, Laptop, Computer - QWERTY, UK Layout",NA,NA,NA,NA,NA
"190",NA,"£57.57£57.57","4.2 out of 5 stars","19","Logitech Pebble Keys 2 K380s, Multi-Device Bluetooth Wireless Keyboard with Customisable Shortcuts,Slim and Portable, Easy-Switch for Windows/macOS/iPadOS/Android/Chrome OS, QWERTY UK Layout, White",NA,NA,NA,NA,NA
"191",NA,"£65.07£65.07","4.6 out of 5 stars","211","EPOMAKER CIDOO V75 VIA Programmable Mechanical Keyboard, 81 Keys Gasket Tri-Mode Gaming Keyboard with South-facing LED, Rotary Knob, Poron Foam for E-sport Mac Win",NA,NA,NA,NA,NA
"192",NA,"£41.99£41.99","4.5 out of 5 stars","9,549","RK ROYAL KLUDGE RK61 QMK/VIA Custom 60% Mechanical Keyboard, Wired Gaming Keyboard Programmable 61 Keys RGB Backlit Ultra-Compact Hot-Swappable US Layout（Red Switch，White）",NA,NA,NA,NA,NA
"193",NA,"£44.99£44.99","3.6 out of 5 stars","108","ASIDE USB Wired Mini Keyboard, Slim Ergonomic Keyboard Small Compact Simple Wired Business Keyboard for Laptop and Desktop Computer, Plug and Play",NA,NA,NA,NA,NA
"194",NA,"£18.32£18.32","4.5 out of 5 stars","926","Dell KM636 - Keyboard and Mouse Set - Wireless - QWERTY - UK - White - for Inspiron 55XX, Latitude 33XX 2-in-1, Precision Mobile Workstation 5750, 77XX, Vostro 36XX",NA,NA,NA,NA,NA
"195",NA,"£116.66£116.66","4.5 out of 5 stars","7,810","Kensington Pro Fit Low-Profile Wireless Keyboard and Mouse Set Desktop, Multimedia Keys, Ambidextrous, Home Office Keyboard and Mouse Set QWERTY, (K75230UK), Black",NA,NA,NA,NA,NA
"196",NA,"£12.99£12.99","4.2 out of 5 stars","324","Logitech MK220 Compact Wireless Keyboard and Mouse Combo for Windows, 2.4 GHz Wireless with Unifying USB-Receiver, 24 Month Battery, Compatible with PC, Laptop, QWERTY UK English Layout - Black",NA,NA,NA,NA,NA
"197",NA,"£19.16£19.16","4.5 out of 5 stars","695","TECURS Wireless Keyboard QWERTY UK Layout, 2.4G Wireless Gaming Keyboard, LED Backlit, Ergonomic, Quiet, Waterproof, Full Size Keyboard with Multimedia Keys for Computer/PC/Laptop/MAC/Windows",NA,NA,NA,NA,NA
"198",NA,"£49.96£49.96","4.4 out of 5 stars","188","HP 230 Wireless Keyboard, quiet and comfortable keystrokes, Number Pad, QWERTY UK Layout, compatible with Windows PC, Chromebook, Laptop, Mac, Up to 16 Months Battery, USB dongle included",NA,NA,NA,NA,NA
"199",NA,"£24.16£24.16","4.6 out of 5 stars","372","Arteck HW305-2 2.4G Wireless Keyboard Ultra Slim Full Size Keyboard with Numeric Keypad and Media Hotkey for Computer/Desktop/PC/Laptop/Surface/Smart TV and Windows 11/10 Built-in Rechargeable Battery",NA,NA,NA,NA,NA
"200",NA,"£22.49£22.49","4.4 out of 5 stars","4,679","Rechargeable Wireless Keyboard Mouse, seenda Ultra Thin Quiet USB Keyboard and Mouse Set with Numeric Keypad QWERTY UK Layout for Windows PC Laptop Computer-Space Gray",NA,NA,NA,NA,NA
"201",NA,NA,NA,NA,NA,"Amazon Ethernet Adapter for Amazon Fire TV Devices","Sean","Reviewed in Australia on 9 December 2023","This is my third of these. Getting FireTV to Ethernet really improves everything.","4.5 out of 5 stars"
"202",NA,NA,NA,NA,NA,"Amazon Ethernet Adapter for Amazon Fire TV Devices","Chris","Reviewed in Australia on 4 October 2023","It works, but is a clunky product that adds to the cable mess. I'd much rather a fire stick model with integrated Ethernet port, even if it cost the same as these two (stick+adapter) combined. Laptop USB to Ethernet adapter is tiny, why does this need to be large with an extra short cable?Works so 4 stars.","5.0 out of 5 stars"
"203",NA,NA,NA,NA,NA,"Amazon Ethernet Adapter for Amazon Fire TV Devices","Simon (VIC)","Reviewed in Australia on 12 March 2024","Very good","3.0 out of 5 stars"
"204",NA,NA,NA,NA,NA,"Amazon Ethernet Adapter for Amazon Fire TV Devices","Matthew","Reviewed in Australia on 31 January 2024","Tem arrived quickly. Easy to setup and improves data speed.","5.0 out of 5 stars"
"205",NA,NA,NA,NA,NA,"Amazon Ethernet Adapter for Amazon Fire TV Devices","Very good ","Reviewed in Australia on 29 January 2024","I have 1000mbps down and this limits my Firestick to about 90 mbps. I get about 150mbps using wifi6 (because vpn) and after extensive testing, Wifi is faster and i ended up removing it. However, it does work. Just not what I needed.","4.0 out of 5 stars"
"206",NA,NA,NA,NA,NA,"Amazon Ethernet Adapter for Amazon Fire TV Devices","Doug Steele","Reviewed in Australia on 5 January 2024","A must for simple and secure.A must for speed.Remote works even better with this","5.0 out of 5 stars"
"207",NA,NA,NA,NA,NA,"Amazon Ethernet Adapter for Amazon Fire TV Devices","Munhumutapa","Reviewed in Australia on 4 January 2024","Saves plugging in power point no need for cables very good thanks","5.0 out of 5 stars"
"208",NA,NA,NA,NA,NA,"Amazon Ethernet Adapter for Amazon Fire TV Devices","Sean","Reviewed in Australia on 9 December 2023","Needs a 5 year warranty, didn't last as long as my firetv... is just a generic cat5 to usb connector...wont be getting another, wifi is decent at our house so we have no issue with that so this is waste of money and fails after only two years.","4.0 out of 5 stars"
"209",NA,NA,NA,NA,NA,"Amazon Ethernet Adapter for Amazon Fire TV Devices","Ken McMillan","Reviewed in Australia on 5 November 2023","Does what it supposed to, keeps streaming speeds constant","5.0 out of 5 stars"
"210",NA,NA,NA,NA,NA,"Amazon Ethernet Adapter for Amazon Fire TV Devices","Chris","Reviewed in Australia on 4 October 2023","Not enough oomph for Disney and Netflix 4k, 100 mps to slow, both above need the 1 gig ethernet","5.0 out of 5 stars"
"211",NA,NA,NA,NA,NA,"Amazon Ethernet Adapter for Amazon Fire TV Devices","Abul Quamer","Reviewed in Australia on 9 December 2023","This is my third of these. Getting FireTV to Ethernet really improves everything.","4.4 out of 5 stars"
"212",NA,NA,NA,NA,NA,"Amazon Ethernet Adapter for Amazon Fire TV Devices","ozbargainer","Reviewed in Australia on 2 January 2024","It works, but is a clunky product that adds to the cable mess. I'd much rather a fire stick model with integrated Ethernet port, even if it cost the same as these two (stick+adapter) combined. Laptop USB to Ethernet adapter is tiny, why does this need to be large with an extra short cable?Works so 4 stars.","5.0 out of 5 stars"
"213",NA,NA,NA,NA,NA,"Amazon Ethernet Adapter for Amazon Fire TV Devices","Robin","Reviewed in Australia on 4 March 2024","Very good","3.0 out of 5 stars"
"214",NA,NA,NA,NA,NA,"Amazon Ethernet Adapter for Amazon Fire TV Devices","Andre Louhanapessy","Reviewed in Australia on 20 February 2024","Tem arrived quickly. Easy to setup and improves data speed.","5.0 out of 5 stars"
"215",NA,NA,NA,NA,NA,"Amazon Ethernet Adapter for Amazon Fire TV Devices","John William Pritchard","Reviewed in Australia on 11 February 2024","I have 1000mbps down and this limits my Firestick to about 90 mbps. I get about 150mbps using wifi6 (because vpn) and after extensive testing, Wifi is faster and i ended up removing it. However, it does work. Just not what I needed.","5.0 out of 5 stars"
"216",NA,NA,NA,NA,NA,"Amazon Ethernet Adapter for Amazon Fire TV Devices","Will","Reviewed in Australia on 30 January 2024","A must for simple and secure.A must for speed.Remote works even better with this","5.0 out of 5 stars"
"217",NA,NA,NA,NA,NA,"Amazon Ethernet Adapter for Amazon Fire TV Devices","Llewellyn Biggar","Reviewed in Australia on 26 January 2024","Saves plugging in power point no need for cables very good thanks","5.0 out of 5 stars"
"218",NA,NA,NA,NA,NA,"Amazon Ethernet Adapter for Amazon Fire TV Devices","Steven E.","Reviewed in Australia on 8 January 2024","Needs a 5 year warranty, didn't last as long as my firetv... is just a generic cat5 to usb connector...wont be getting another, wifi is decent at our house so we have no issue with that so this is waste of money and fails after only two years.","5.0 out of 5 stars"
"219",NA,NA,NA,NA,NA,"Amazon Ethernet Adapter for Amazon Fire TV Devices","Pippa","Reviewed in Australia on 7 January 2024","Does what it supposed to, keeps streaming speeds constant","5.0 out of 5 stars"
"220",NA,NA,NA,NA,NA,"Amazon Ethernet Adapter for Amazon Fire TV Devices","Chameleon","Reviewed in Australia on 27 December 2023","Not enough oomph for Disney and Netflix 4k, 100 mps to slow, both above need the 1 gig ethernet","5.0 out of 5 stars"
"221",NA,NA,NA,NA,NA,"Amazon Ethernet Adapter for Amazon Fire TV Devices","Sean","Reviewed in Australia on 9 December 2023","This is my third of these. Getting FireTV to Ethernet really improves everything.","4.5 out of 5 stars"
"222",NA,NA,NA,NA,NA,"Amazon Ethernet Adapter for Amazon Fire TV Devices","Chris","Reviewed in Australia on 4 October 2023","It works, but is a clunky product that adds to the cable mess. I'd much rather a fire stick model with integrated Ethernet port, even if it cost the same as these two (stick+adapter) combined. Laptop USB to Ethernet adapter is tiny, why does this need to be large with an extra short cable?Works so 4 stars.","5.0 out of 5 stars"
"223",NA,NA,NA,NA,NA,"Amazon Ethernet Adapter for Amazon Fire TV Devices","Simon (VIC)","Reviewed in Australia on 12 March 2024","Very good","3.0 out of 5 stars"
"224",NA,NA,NA,NA,NA,"Amazon Ethernet Adapter for Amazon Fire TV Devices","Matthew","Reviewed in Australia on 31 January 2024","Tem arrived quickly. Easy to setup and improves data speed.","5.0 out of 5 stars"
"225",NA,NA,NA,NA,NA,"Amazon Ethernet Adapter for Amazon Fire TV Devices","Very good ","Reviewed in Australia on 29 January 2024","I have 1000mbps down and this limits my Firestick to about 90 mbps. I get about 150mbps using wifi6 (because vpn) and after extensive testing, Wifi is faster and i ended up removing it. However, it does work. Just not what I needed.","4.0 out of 5 stars"
"226",NA,NA,NA,NA,NA,"Amazon Ethernet Adapter for Amazon Fire TV Devices","Doug Steele","Reviewed in Australia on 5 January 2024","A must for simple and secure.A must for speed.Remote works even better with this","5.0 out of 5 stars"
"227",NA,NA,NA,NA,NA,"Amazon Ethernet Adapter for Amazon Fire TV Devices","Munhumutapa","Reviewed in Australia on 4 January 2024","Saves plugging in power point no need for cables very good thanks","5.0 out of 5 stars"
"228",NA,NA,NA,NA,NA,"Amazon Ethernet Adapter for Amazon Fire TV Devices","Sean","Reviewed in Australia on 9 December 2023","Needs a 5 year warranty, didn't last as long as my firetv... is just a generic cat5 to usb connector...wont be getting another, wifi is decent at our house so we have no issue with that so this is waste of money and fails after only two years.","4.0 out of 5 stars"
"229",NA,NA,NA,NA,NA,"Amazon Ethernet Adapter for Amazon Fire TV Devices","Ken McMillan","Reviewed in Australia on 5 November 2023","Does what it supposed to, keeps streaming speeds constant","5.0 out of 5 stars"
"230",NA,NA,NA,NA,NA,"Amazon Ethernet Adapter for Amazon Fire TV Devices","Chris","Reviewed in Australia on 4 October 2023","Not enough oomph for Disney and Netflix 4k, 100 mps to slow, both above need the 1 gig ethernet","5.0 out of 5 stars"
"231",NA,NA,NA,NA,NA,"Amazon Ethernet Adapter for Amazon Fire TV Devices","Abul Quamer","Reviewed in Australia on 9 December 2023","This is my third of these. Getting FireTV to Ethernet really improves everything.","4.4 out of 5 stars"
"232",NA,NA,NA,NA,NA,"Amazon Ethernet Adapter for Amazon Fire TV Devices","ozbargainer","Reviewed in Australia on 2 January 2024","It works, but is a clunky product that adds to the cable mess. I'd much rather a fire stick model with integrated Ethernet port, even if it cost the same as these two (stick+adapter) combined. Laptop USB to Ethernet adapter is tiny, why does this need to be large with an extra short cable?Works so 4 stars.","5.0 out of 5 stars"
"233",NA,NA,NA,NA,NA,"Amazon Ethernet Adapter for Amazon Fire TV Devices","Robin","Reviewed in Australia on 4 March 2024","Very good","3.0 out of 5 stars"
"234",NA,NA,NA,NA,NA,"Amazon Ethernet Adapter for Amazon Fire TV Devices","Andre Louhanapessy","Reviewed in Australia on 20 February 2024","Tem arrived quickly. Easy to setup and improves data speed.","5.0 out of 5 stars"
"235",NA,NA,NA,NA,NA,"Amazon Ethernet Adapter for Amazon Fire TV Devices","John William Pritchard","Reviewed in Australia on 11 February 2024","I have 1000mbps down and this limits my Firestick to about 90 mbps. I get about 150mbps using wifi6 (because vpn) and after extensive testing, Wifi is faster and i ended up removing it. However, it does work. Just not what I needed.","5.0 out of 5 stars"
"236",NA,NA,NA,NA,NA,"Amazon Ethernet Adapter for Amazon Fire TV Devices","Will","Reviewed in Australia on 30 January 2024","A must for simple and secure.A must for speed.Remote works even better with this","5.0 out of 5 stars"
"237",NA,NA,NA,NA,NA,"Amazon Ethernet Adapter for Amazon Fire TV Devices","Llewellyn Biggar","Reviewed in Australia on 26 January 2024","Saves plugging in power point no need for cables very good thanks","5.0 out of 5 stars"
"238",NA,NA,NA,NA,NA,"Amazon Ethernet Adapter for Amazon Fire TV Devices","Steven E.","Reviewed in Australia on 8 January 2024","Needs a 5 year warranty, didn't last as long as my firetv... is just a generic cat5 to usb connector...wont be getting another, wifi is decent at our house so we have no issue with that so this is waste of money and fails after only two years.","5.0 out of 5 stars"
"239",NA,NA,NA,NA,NA,"Amazon Ethernet Adapter for Amazon Fire TV Devices","Pippa","Reviewed in Australia on 7 January 2024","Does what it supposed to, keeps streaming speeds constant","5.0 out of 5 stars"
"240",NA,NA,NA,NA,NA,"Amazon Ethernet Adapter for Amazon Fire TV Devices","Chameleon","Reviewed in Australia on 27 December 2023","Not enough oomph for Disney and Netflix 4k, 100 mps to slow, both above need the 1 gig ethernet","5.0 out of 5 stars"
"241",NA,NA,NA,NA,NA,"Amazon Ethernet Adapter for Amazon Fire TV Devices","Sean","Reviewed in Australia on 9 December 2023","This is my third of these. Getting FireTV to Ethernet really improves everything.","4.5 out of 5 stars"
"242",NA,NA,NA,NA,NA,"Amazon Ethernet Adapter for Amazon Fire TV Devices","Chris","Reviewed in Australia on 4 October 2023","It works, but is a clunky product that adds to the cable mess. I'd much rather a fire stick model with integrated Ethernet port, even if it cost the same as these two (stick+adapter) combined. Laptop USB to Ethernet adapter is tiny, why does this need to be large with an extra short cable?Works so 4 stars.","5.0 out of 5 stars"
"243",NA,NA,NA,NA,NA,"Amazon Ethernet Adapter for Amazon Fire TV Devices","Simon (VIC)","Reviewed in Australia on 12 March 2024","Very good","3.0 out of 5 stars"
"244",NA,NA,NA,NA,NA,"Amazon Ethernet Adapter for Amazon Fire TV Devices","Matthew","Reviewed in Australia on 31 January 2024","Tem arrived quickly. Easy to setup and improves data speed.","5.0 out of 5 stars"
"245",NA,NA,NA,NA,NA,"Amazon Ethernet Adapter for Amazon Fire TV Devices","Very good ","Reviewed in Australia on 29 January 2024","I have 1000mbps down and this limits my Firestick to about 90 mbps. I get about 150mbps using wifi6 (because vpn) and after extensive testing, Wifi is faster and i ended up removing it. However, it does work. Just not what I needed.","4.0 out of 5 stars"
"246",NA,NA,NA,NA,NA,"Amazon Ethernet Adapter for Amazon Fire TV Devices","Doug Steele","Reviewed in Australia on 5 January 2024","A must for simple and secure.A must for speed.Remote works even better with this","5.0 out of 5 stars"
"247",NA,NA,NA,NA,NA,"Amazon Ethernet Adapter for Amazon Fire TV Devices","Munhumutapa","Reviewed in Australia on 4 January 2024","Saves plugging in power point no need for cables very good thanks","5.0 out of 5 stars"
"248",NA,NA,NA,NA,NA,"Amazon Ethernet Adapter for Amazon Fire TV Devices","Sean","Reviewed in Australia on 9 December 2023","Needs a 5 year warranty, didn't last as long as my firetv... is just a generic cat5 to usb connector...wont be getting another, wifi is decent at our house so we have no issue with that so this is waste of money and fails after only two years.","4.0 out of 5 stars"
"249",NA,NA,NA,NA,NA,"Amazon Ethernet Adapter for Amazon Fire TV Devices","Ken McMillan","Reviewed in Australia on 5 November 2023","Does what it supposed to, keeps streaming speeds constant","5.0 out of 5 stars"
"250",NA,NA,NA,NA,NA,"Amazon Ethernet Adapter for Amazon Fire TV Devices","Chris","Reviewed in Australia on 4 October 2023","Not enough oomph for Disney and Netflix 4k, 100 mps to slow, both above need the 1 gig ethernet","5.0 out of 5 stars"
